,Attrition,Age,DistanceFromHome,EmployeeNumber,Gender,JobSatisfaction,MaritalStatus,MonthlyIncome,OverTime,PercentSalaryHike,TotalWorkingYears
0,0,33,7,817,Male,3,Married,11691,No,11,14
1,0,35,18,1412,Male,4,Single,9362,No,11,10
2,0,42,6,1911,Male,1,Married,13348,No,13,18
3,0,46,2,1204,Female,1,Married,17048,No,23,28
4,1,22,4,593,Male,3,Single,3894,No,16,4
5,0,24,21,1551,Male,1,Divorced,2296,No,14,2
6,0,34,8,2068,Male,3,Married,4404,No,12,6
7,0,30,20,1084,Male,1,Married,9957,No,15,7
8,0,26,6,686,Female,4,Married,2659,Yes,13,3
9,1,24,3,720,Female,3,Single,4577,No,14,4
10,0,36,5,304,Male,2,Single,5914,No,16,16
11,1,33,15,582,Male,3,Married,13610,Yes,12,15
12,0,42,1,387,Male,3,Married,4907,No,25,20
13,0,39,9,2022,Male,4,Single,19431,No,13,21
14,0,44,1,1683,Female,4,Divorced,3195,Yes,18,8
15,0,34,23,60,Male,3,Single,4568,No,20,10
16,0,30,5,197,Female,1,Divorced,3204,No,14,8
17,1,58,2,918,Male,4,Divorced,2380,Yes,14,3
18,0,46,3,1863,Female,1,Divorced,13225,No,12,25
19,0,33,28,1549,Male,3,Married,5207,Yes,12,15
20,0,46,1,1069,Male,4,Divorced,19627,No,17,23
21,1,32,7,1309,Male,3,Married,4883,No,18,10
22,0,40,8,1724,Female,1,Married,6516,Yes,16,18
23,0,42,26,1242,Female,1,Married,13191,Yes,17,20
24,1,32,16,33,Female,1,Single,3919,Yes,22,10
25,0,49,8,944,Female,2,Married,7403,No,11,29
26,1,32,2,1692,Male,2,Single,1393,No,12,1
27,0,52,3,776,Male,1,Married,16856,No,11,34
28,0,26,1,1893,Female,3,Married,2933,Yes,13,1
29,1,37,1,970,Male,3,Married,10609,No,11,17
30,0,35,1,204,Male,2,Married,7295,No,13,10
31,0,50,2,815,Male,3,Married,17639,No,16,30
32,0,30,7,1224,Male,3,Divorced,3491,No,13,10
33,0,28,1,1834,Female,1,Married,3591,No,25,3
34,0,27,3,714,Female,4,Divorced,4647,Yes,20,6
35,0,34,6,151,Female,2,Divorced,4505,No,15,12
36,0,42,10,1408,Female,1,Married,16799,No,14,21
37,0,34,2,579,Male,3,Divorced,2768,No,12,14
38,1,28,1,1486,Male,3,Married,2909,No,15,5
39,0,38,14,1582,Male,2,Married,9924,No,11,10
40,0,37,3,152,Male,4,Single,7428,No,12,12
41,0,45,1,336,Male,4,Married,19202,No,11,25
42,0,35,25,1014,Female,3,Divorced,10388,Yes,11,16
43,0,40,26,1066,Male,1,Married,8396,No,14,8
44,0,42,8,1860,Male,3,Single,3968,No,13,8
45,0,30,1,1989,Male,2,Married,3748,No,13,12
46,0,36,3,238,Male,2,Single,2088,No,12,13
47,1,26,5,848,Female,3,Married,2366,Yes,14,8
48,0,50,1,249,Male,3,Married,3690,No,15,5
49,0,30,2,198,Male,4,Single,2720,No,13,6
50,0,29,15,346,Male,4,Single,2340,No,19,6
51,0,45,28,1546,Male,4,Married,2132,No,20,8
52,1,31,1,1331,Female,2,Single,2302,Yes,11,3
53,0,38,1,1995,Male,2,Married,4440,No,15,16
54,0,50,2,905,Male,1,Divorced,17924,No,11,31
55,0,32,2,471,Female,2,Married,2370,No,13,8
56,0,33,1,73,Female,4,Single,13458,Yes,12,15
57,0,46,7,487,Female,3,Married,5258,No,14,7
58,0,45,10,544,Male,4,Married,2654,No,21,8
59,0,52,2,316,Female,4,Single,3212,No,15,6
60,0,47,16,987,Male,3,Divorced,5067,Yes,19,20
61,0,31,2,1721,Male,3,Married,3477,No,14,6
62,0,49,8,1138,Male,2,Married,13120,No,17,22
63,0,24,11,26,Female,3,Divorced,4011,No,18,5
64,0,32,15,1955,Female,4,Divorced,6667,No,18,9
65,0,50,3,644,Male,2,Married,18200,No,11,32
66,0,34,7,28,Female,2,Single,11994,No,11,13
67,0,37,5,1440,Male,3,Single,3500,No,14,7
68,0,52,28,1401,Female,3,Married,13247,Yes,11,24
69,0,46,18,624,Female,3,Married,10527,No,11,28
70,1,32,2,1862,Male,2,Single,9907,Yes,12,7
71,0,38,2,24,Male,4,Single,3944,Yes,11,6
72,0,28,16,1947,Male,3,Single,2144,No,14,5
73,0,21,1,1131,Female,2,Single,2070,Yes,11,2
74,0,26,5,2060,Female,3,Single,2966,No,18,5
75,0,53,1,682,Female,1,Single,8381,No,20,18
76,1,41,1,1,Female,4,Single,5993,Yes,11,8
77,1,36,16,1042,Female,1,Single,2743,No,16,18
78,0,40,2,2048,Male,3,Single,2809,No,14,8
79,0,39,1,1737,Male,4,Married,6472,Yes,15,9
80,0,35,16,1529,Female,2,Single,8606,No,19,11
81,0,34,15,1485,Male,1,Divorced,17007,No,14,16
82,1,35,12,1667,Male,4,Single,4581,Yes,24,13
83,1,29,27,283,Female,4,Married,7639,No,22,10
84,0,44,8,874,Male,4,Married,2818,Yes,24,10
85,0,38,10,1006,Male,3,Married,2684,No,17,3
86,0,43,27,1599,Male,2,Divorced,4876,No,12,8
87,0,49,6,1661,Female,3,Married,13966,Yes,19,30
88,1,28,24,19,Male,3,Single,2028,Yes,14,6
89,1,18,3,1624,Female,4,Single,1569,Yes,12,0
90,0,40,26,202,Female,2,Divorced,5605,No,11,20
91,1,20,10,701,Male,3,Single,1009,Yes,11,1
92,0,43,7,262,Male,4,Divorced,2089,No,14,7
93,0,36,2,1710,Female,4,Single,4502,No,15,17
94,0,20,3,1198,Male,3,Single,3033,No,12,2
95,0,43,9,663,Male,3,Divorced,5679,Yes,13,10
96,1,28,12,1175,Female,4,Married,2515,Yes,11,1
97,0,30,1,104,Male,4,Married,5126,Yes,12,10
98,0,49,2,2065,Male,2,Married,5390,No,14,17
99,1,28,5,65,Male,3,Single,3441,Yes,13,2
100,0,34,3,847,Male,4,Married,3737,No,19,4
101,0,40,9,1449,Male,3,Divorced,3975,No,11,11
102,1,25,5,142,Male,3,Single,5744,Yes,11,6
103,0,33,2,1670,Male,4,Divorced,5505,No,14,6
104,0,47,25,1993,Male,3,Single,8633,No,23,25
105,0,45,11,1045,Female,4,Married,17650,No,13,26
106,0,35,8,805,Female,4,Married,2572,No,16,3
107,0,29,7,1260,Male,4,Divorced,6623,Yes,11,6
108,1,29,13,1487,Female,2,Single,5765,No,11,7
109,0,46,2,38,Female,1,Single,18947,No,12,22
110,0,49,22,1655,Female,2,Married,16413,No,16,27
111,0,35,11,2003,Male,3,Married,2660,Yes,11,5
112,0,35,23,1826,Male,3,Married,2705,No,16,6
113,0,29,9,1709,Female,3,Married,2974,No,17,9
114,1,48,7,1691,Female,3,Married,2655,Yes,11,19
115,0,32,2,1235,Female,3,Single,4998,Yes,14,10
116,0,59,1,91,Female,3,Single,5473,No,11,20
117,0,25,3,879,Male,1,Married,4194,Yes,18,5
118,0,45,25,1888,Female,4,Married,5906,No,13,10
119,0,31,2,424,Male,1,Married,6410,No,12,9
120,0,21,5,1623,Male,4,Single,3117,No,18,3
121,0,43,15,1666,Male,3,Married,17603,No,24,14
122,0,36,2,1847,Female,2,Married,6962,Yes,22,15
123,0,38,17,1088,Female,3,Married,8823,No,18,20
124,0,35,1,314,Female,3,Single,8789,No,14,10
125,0,39,21,1390,Male,4,Married,6120,Yes,12,8
126,0,33,25,1220,Female,3,Married,4539,No,12,10
127,0,33,25,1545,Male,2,Single,4320,No,13,5
128,0,42,12,1943,Male,4,Divorced,5087,Yes,12,14
129,0,28,9,498,Male,4,Single,5253,No,16,7
130,0,56,1,2026,Male,3,Divorced,6306,No,21,13
131,0,55,2,1074,Male,1,Single,16756,No,15,31
132,0,51,8,296,Male,2,Married,12490,No,16,16
133,0,29,21,20,Female,1,Divorced,9980,No,11,10
134,0,55,26,1973,Male,2,Married,19636,Yes,18,35
135,1,30,4,514,Male,4,Single,2285,Yes,23,3
136,0,35,1,105,Male,3,Single,2859,No,18,6
137,0,42,2,1109,Male,1,Married,17665,No,17,23
138,0,34,1,1447,Female,2,Married,3294,No,17,7
139,0,41,6,298,Female,4,Single,13591,Yes,18,16
140,0,29,2,94,Male,2,Married,2703,No,23,6
141,0,38,12,837,Male,1,Divorced,6288,No,15,13
142,0,27,2,54,Female,1,Divorced,2341,No,13,1
143,0,40,9,287,Male,4,Married,4876,No,14,5
144,0,31,2,1613,Male,1,Single,5332,No,13,10
145,0,39,9,1132,Male,2,Single,6782,No,15,9
146,1,33,14,325,Male,4,Married,2436,Yes,13,8
147,1,49,28,1420,Male,1,Single,4284,No,20,20
148,0,34,8,808,Female,1,Married,6500,No,17,6
149,0,25,28,183,Male,3,Married,8639,No,18,6
150,1,29,24,1928,Male,1,Single,1091,No,17,1
151,0,37,10,2017,Female,4,Married,13744,Yes,25,16
152,0,32,5,1764,Male,2,Single,2718,No,14,12
153,0,27,9,1965,Male,4,Single,4105,No,14,7
154,1,24,9,1494,Male,1,Single,3172,Yes,11,4
155,0,57,1,482,Male,3,Married,6755,No,11,15
156,1,23,6,811,Male,1,Married,1601,Yes,21,1
157,0,46,1,1602,Male,1,Single,17567,No,15,27
158,0,38,10,1119,Male,3,Divorced,8740,Yes,14,9
159,0,19,3,201,Female,2,Single,1483,No,14,1
160,0,30,8,1015,Female,1,Married,11416,Yes,12,9
161,0,47,14,1934,Male,2,Married,5467,No,18,16
162,0,38,1,1668,Male,4,Married,4735,No,15,19
163,0,24,9,1707,Male,3,Married,4401,No,16,5
164,0,27,1,725,Female,1,Married,7412,No,11,9
165,0,41,9,200,Male,1,Married,2238,No,21,7
166,0,51,2,408,Male,2,Divorced,5482,No,18,13
167,1,35,10,1639,Male,1,Married,10306,No,17,15
168,0,49,18,638,Male,3,Divorced,19502,Yes,17,31
169,0,34,9,717,Female,2,Single,8621,No,14,9
170,0,36,10,592,Male,4,Single,9980,No,14,10
171,0,44,1,68,Female,1,Divorced,5454,Yes,21,9
172,1,29,24,1868,Male,4,Single,2439,Yes,24,1
173,0,32,1,78,Male,4,Married,6162,Yes,22,9
174,1,29,18,315,Male,4,Single,2389,Yes,13,4
175,1,35,27,1797,Male,4,Single,5813,Yes,18,10
176,0,37,14,515,Female,1,Divorced,3034,No,12,18
177,0,39,24,2056,Female,4,Married,12031,No,11,21
178,0,40,16,1641,Female,4,Single,7945,Yes,15,18
179,0,56,7,112,Male,4,Single,7260,No,11,37
180,0,30,29,1568,Male,2,Married,9250,No,12,9
181,1,32,11,631,Male,3,Married,4707,No,12,6
182,1,53,24,1968,Male,1,Single,10448,Yes,13,15
183,0,36,5,51,Female,1,Married,3419,Yes,14,6
184,0,33,13,995,Female,4,Single,3452,No,18,5
185,0,28,4,129,Male,3,Married,4221,No,15,5
186,0,54,7,1830,Female,4,Married,6854,No,15,14
187,1,29,23,1165,Female,1,Married,7336,No,13,11
188,0,55,14,254,Male,2,Single,18722,No,11,36
189,0,40,14,1598,Female,1,Married,4639,No,15,5
190,1,29,1,2027,Male,4,Married,4787,Yes,14,4
191,0,22,1,2007,Male,3,Single,3375,No,12,4
192,0,29,20,1852,Male,4,Married,3812,No,13,11
193,0,28,3,1121,Female,2,Divorced,7655,No,17,10
194,0,31,8,1461,Female,2,Single,2109,No,18,8
195,0,44,2,1496,Male,3,Single,10209,Yes,18,16
196,0,22,19,217,Male,4,Married,2323,No,24,2
197,0,31,2,1974,Female,4,Divorced,1129,Yes,11,1
198,0,50,29,569,Male,3,Married,17046,No,15,28
199,0,35,16,14,Male,2,Married,2426,No,13,6
200,0,46,2,575,Male,3,Married,17861,No,13,26
201,0,40,9,1548,Male,1,Married,5473,No,12,9
202,0,37,1,1196,Female,4,Married,6474,No,13,14
203,0,59,2,140,Female,4,Married,18844,No,21,30
204,0,55,26,1578,Male,4,Married,19586,No,21,36
205,0,22,16,22,Male,4,Divorced,2935,Yes,13,1
206,1,44,1,1098,Male,1,Married,10482,No,14,24
207,1,23,7,1702,Male,4,Divorced,2275,Yes,21,3
208,0,47,2,1443,Female,3,Married,17169,No,19,26
209,0,50,9,1591,Male,3,Married,19331,Yes,16,27
210,0,35,25,899,Male,2,Married,10903,No,16,16
211,0,31,4,1916,Female,3,Divorced,3978,No,12,4
212,0,33,8,1515,Male,3,Single,6388,Yes,17,14
213,0,35,28,1554,Female,3,Married,2430,No,23,6
214,0,39,1,417,Male,4,Divorced,9613,No,17,19
215,0,46,2,363,Female,2,Married,16872,Yes,12,28
216,0,36,6,373,Male,4,Married,3210,No,11,16
217,0,41,4,1722,Male,2,Married,6430,No,19,10
218,0,33,7,1970,Male,3,Divorced,5968,No,20,9
219,0,37,6,378,Male,4,Married,6502,No,14,7
220,0,38,6,107,Female,4,Divorced,5329,Yes,12,17
221,0,38,2,803,Female,1,Single,5980,Yes,12,17
222,0,46,18,550,Female,3,Divorced,4810,No,14,19
223,0,18,1,1368,Female,4,Single,1611,No,15,0
224,0,39,6,1588,Male,3,Married,8237,No,11,11
225,0,32,5,1607,Female,4,Married,3312,No,17,6
226,0,39,19,1871,Male,4,Divorced,3902,No,14,7
227,0,41,9,999,Male,3,Divorced,19419,No,17,21
228,0,22,26,1605,Female,3,Married,2814,Yes,14,4
229,0,25,19,1358,Male,4,Married,3669,No,11,7
230,0,53,2,1472,Male,2,Single,16598,No,12,35
231,0,52,8,1409,Female,1,Married,2950,No,13,12
232,0,47,4,1827,Female,2,Divorced,10333,Yes,12,28
233,0,32,9,679,Female,4,Married,6322,Yes,12,6
234,0,41,7,1035,Female,3,Divorced,19973,No,22,21
235,0,30,8,982,Male,3,Divorced,7264,No,11,10
236,0,27,3,850,Male,4,Married,1706,No,11,0
237,0,36,6,97,Female,4,Married,3038,No,12,5
238,0,26,23,72,Female,4,Married,4157,Yes,19,5
239,1,36,9,27,Male,1,Single,3407,No,23,10
240,0,52,1,259,Male,3,Married,19999,No,14,34
241,0,40,2,1986,Female,2,Married,5677,No,14,15
242,0,43,8,526,Female,3,Divorced,4522,Yes,14,8
243,0,42,29,1148,Male,4,Single,4272,No,19,16
244,0,41,5,1814,Male,2,Single,6870,No,12,11
245,0,32,29,2010,Female,2,Single,2837,No,13,6
246,0,34,4,523,Female,3,Married,6538,No,15,6
247,1,34,24,1489,Female,2,Single,4599,Yes,23,16
248,0,47,4,467,Male,3,Single,2976,No,19,5
249,0,31,7,1833,Female,1,Married,9637,No,14,9
250,0,30,28,441,Female,4,Married,5775,No,13,11
251,0,42,5,1029,Male,3,Married,18303,No,13,21
252,0,30,25,475,Female,3,Married,4736,Yes,12,4
253,0,53,1,1775,Female,3,Married,12965,Yes,20,27
254,1,28,17,1960,Male,4,Divorced,2367,No,12,6
255,0,29,15,15,Female,3,Single,4193,Yes,12,10
256,1,40,22,492,Male,3,Married,6380,Yes,12,8
257,0,36,8,878,Male,1,Married,2342,No,21,6
258,0,35,22,381,Female,2,Divorced,11996,No,18,10
259,0,35,1,1369,Female,4,Married,5363,No,12,10
260,0,41,7,1025,Female,3,Single,5003,No,14,8
261,0,32,7,1446,Male,4,Married,9204,No,12,7
262,0,39,15,1975,Male,1,Single,13341,No,12,21
263,0,46,2,1732,Male,4,Divorced,10368,Yes,12,13
264,1,31,16,1761,Male,3,Married,8161,No,13,10
265,0,31,8,1430,Female,2,Single,16422,No,11,9
266,0,34,1,1184,Male,1,Single,5343,No,20,14
267,1,37,10,1809,Male,1,Single,4213,No,15,10
268,0,20,2,1657,Female,3,Single,2783,No,19,2
269,0,24,24,632,Male,4,Married,2400,No,13,3
270,0,39,10,1618,Male,1,Married,5377,No,13,10
271,1,30,1,1562,Male,1,Married,9714,No,11,10
272,1,26,16,394,Male,2,Divorced,2373,Yes,13,5
273,0,58,1,1423,Female,1,Married,19701,Yes,21,32
274,0,33,4,1771,Male,2,Divorced,3055,No,15,11
275,0,35,1,2052,Female,4,Married,2977,No,12,4
276,0,49,25,1617,Female,1,Married,3211,No,14,10
277,0,31,5,423,Male,4,Married,4821,Yes,12,6
278,0,29,10,463,Female,2,Divorced,8268,Yes,14,7
279,0,24,1,1981,Male,3,Single,4617,No,12,4
280,1,35,18,1380,Female,3,Married,4614,Yes,18,5
281,1,56,14,161,Female,2,Married,4963,Yes,18,7
282,0,28,26,1387,Male,1,Married,4724,No,11,5
283,0,35,3,704,Male,3,Married,1281,No,18,1
284,0,54,9,1969,Female,3,Married,2897,No,11,9
285,0,30,16,1479,Male,3,Married,5301,No,15,4
286,0,42,29,547,Female,3,Divorced,4556,No,11,19
287,0,54,2,126,Female,3,Married,13549,No,12,16
288,0,59,18,1283,Male,4,Single,10512,No,12,25
289,0,52,29,2019,Male,4,Divorced,3482,No,15,16
290,0,38,15,461,Male,4,Divorced,11510,Yes,14,12
291,0,31,9,493,Male,2,Single,2657,Yes,16,3
292,0,33,10,1268,Male,3,Divorced,8380,Yes,14,10
293,0,33,15,2009,Female,4,Married,4878,Yes,13,10
294,0,44,4,852,Male,2,Single,5933,No,12,10
295,1,19,1,235,Female,1,Single,2325,No,21,1
296,0,37,2,139,Male,4,Divorced,5163,No,14,17
297,0,35,8,1164,Male,3,Single,4323,No,17,6
298,0,37,10,802,Female,1,Divorced,2782,Yes,13,6
299,0,36,10,1880,Female,3,Married,5673,Yes,13,10
300,0,33,2,39,Male,4,Single,2496,No,11,7
301,1,31,8,1433,Female,2,Single,1261,No,12,1
302,0,49,3,1509,Female,1,Married,4789,No,25,10
303,0,43,12,520,Male,2,Divorced,14336,No,11,25
304,0,30,9,41,Male,3,Single,2206,No,13,10
305,1,33,2,328,Female,1,Married,2707,No,20,13
306,0,35,22,577,Male,3,Single,4230,No,15,6
307,0,28,29,1514,Male,2,Married,6549,No,14,8
308,0,34,21,621,Male,4,Single,5337,No,12,10
309,1,41,5,1210,Male,1,Divorced,2107,No,17,5
310,0,30,27,747,Male,4,Divorced,5304,No,23,10
311,1,34,16,1905,Male,1,Married,2307,Yes,23,5
312,0,57,29,568,Male,4,Divorced,14118,No,12,32
313,1,31,2,1379,Female,4,Single,2785,No,14,3
314,0,37,7,1885,Male,1,Married,4284,Yes,22,16
315,1,28,2,440,Male,4,Married,3464,Yes,13,5
316,0,38,7,1382,Male,3,Divorced,2610,No,11,4
317,0,29,23,495,Male,4,Single,2201,No,16,6
318,0,28,5,916,Male,4,Single,4908,No,14,4
319,0,42,4,1171,Male,1,Single,5155,No,13,9
320,0,29,8,1544,Female,1,Married,9715,No,13,9
321,0,38,9,245,Female,4,Single,2288,No,12,2
322,0,56,4,1191,Female,1,Divorced,19943,No,13,28
323,0,31,2,604,Male,4,Single,6582,Yes,13,10
324,0,34,1,649,Male,4,Married,3622,Yes,13,6
325,0,35,16,406,Male,2,Married,8020,No,15,12
326,0,35,8,1630,Female,3,Married,4148,No,12,15
327,0,35,16,1886,Female,2,Married,4788,Yes,11,4
328,1,40,7,1649,Male,1,Single,2166,Yes,14,10
329,0,27,6,1162,Male,3,Married,2539,No,13,4
330,0,41,3,2037,Male,2,Divorced,8938,No,11,14
331,0,37,5,460,Male,4,Divorced,6347,No,16,8
332,1,31,6,163,Male,3,Married,6172,Yes,18,12
333,0,25,4,885,Male,1,Married,4256,No,12,5
334,0,40,1,453,Male,4,Married,7457,Yes,22,6
335,0,34,10,1774,Male,3,Divorced,4001,Yes,14,15
336,0,27,9,218,Male,2,Divorced,2024,No,18,6
337,0,38,23,12,Male,3,Single,9526,No,21,10
338,0,36,9,1949,Male,2,Married,2810,No,22,5
339,1,33,16,1758,Female,1,Single,8564,Yes,20,11
340,0,30,3,680,Female,3,Divorced,2083,No,20,1
341,0,58,23,1308,Male,3,Divorced,2372,No,12,2
342,0,39,8,602,Female,3,Married,3755,No,11,8
343,0,30,24,11,Male,3,Divorced,2693,No,22,1
344,0,48,2,712,Male,2,Married,8120,No,12,12
345,0,38,10,2015,Female,3,Married,13206,No,12,20
346,0,38,2,1355,Female,1,Divorced,6893,No,15,11
347,1,28,2,364,Male,3,Single,3485,No,11,5
348,0,25,4,527,Female,4,Single,4487,Yes,11,5
349,0,37,1,1700,Male,4,Divorced,9525,No,14,6
350,0,53,2,1050,Female,2,Married,7525,No,12,30
351,0,38,1,743,Female,3,Single,7861,Yes,14,10
352,0,31,9,581,Male,2,Divorced,10648,No,25,13
353,0,28,2,1296,Male,4,Married,3867,Yes,12,2
354,0,30,2,833,Female,4,Single,6877,Yes,24,12
355,0,35,9,496,Male,2,Single,6540,No,19,10
356,0,43,9,1813,Male,3,Single,2438,No,13,7
357,0,48,1,664,Female,1,Married,15402,No,11,21
358,0,41,10,199,Male,1,Divorced,17181,No,13,21
359,1,26,3,510,Male,1,Single,3102,No,22,7
360,0,28,7,1507,Male,1,Single,4898,No,14,5
361,0,36,24,419,Female,2,Married,5674,No,15,11
362,0,27,8,1094,Male,3,Married,4621,No,19,3
363,0,43,26,158,Male,4,Married,16959,Yes,12,25
364,0,41,9,1772,Male,1,Divorced,2289,No,20,5
365,0,24,10,507,Female,3,Divorced,4260,Yes,12,5
366,0,35,8,63,Male,4,Married,2269,No,19,1
367,0,54,3,303,Female,1,Married,5940,No,14,16
368,0,31,2,1996,Male,3,Married,3067,No,19,3
369,0,40,2,1346,Male,4,Single,4661,No,13,9
370,1,19,22,167,Male,3,Single,1675,Yes,19,0
371,0,47,2,574,Female,4,Divorced,5070,No,13,20
372,0,33,1,855,Male,1,Divorced,4037,No,22,9
373,0,36,3,1257,Male,2,Married,3692,No,12,12
374,0,27,2,1898,Female,3,Single,6500,No,14,9
375,0,26,3,1581,Female,4,Married,2061,No,21,1
376,0,29,20,974,Female,4,Married,2157,No,15,3
377,0,32,24,772,Male,4,Married,5309,No,15,10
378,0,52,3,543,Male,3,Married,7969,Yes,14,28
379,1,29,14,1421,Female,4,Single,7553,Yes,12,9
380,1,35,14,1010,Male,2,Divorced,3743,Yes,24,5
381,0,27,5,1850,Female,4,Single,2379,Yes,14,6
382,0,55,1,374,Male,1,Single,19045,Yes,14,37
383,0,48,22,1900,Female,4,Divorced,17174,No,11,24
384,0,40,26,1180,Female,4,Married,4422,Yes,13,16
385,0,37,11,306,Male,4,Divorced,12185,Yes,14,10
386,1,25,24,1273,Male,4,Single,1118,Yes,14,1
387,0,37,6,474,Male,1,Divorced,5974,Yes,13,13
388,0,32,3,727,Female,4,Single,11159,No,15,10
389,0,33,6,692,Male,4,Divorced,7725,No,23,15
390,0,31,24,1736,Female,4,Single,5238,No,20,9
391,0,29,2,1513,Female,2,Married,3180,No,13,4
392,0,34,3,1115,Male,4,Married,2979,No,17,6
393,0,32,5,21,Male,2,Divorced,3298,Yes,12,7
394,0,35,1,1172,Male,3,Married,2258,No,12,10
395,0,52,4,546,Female,4,Married,16555,No,13,31
396,0,41,23,1678,Male,3,Single,7082,Yes,16,21
397,0,32,2,1190,Female,1,Divorced,2827,No,12,1
398,0,47,14,728,Male,1,Single,4960,No,12,20
399,0,43,15,754,Male,4,Married,6804,No,18,7
400,0,36,1,479,Female,4,Single,6653,No,15,7
401,1,29,25,565,Female,2,Married,2546,No,16,6
402,0,26,1,1083,Male,1,Married,3955,No,16,6
403,1,29,9,1752,Female,2,Single,2760,No,13,2
404,0,33,3,910,Male,2,Divorced,2277,Yes,11,7
405,0,45,7,341,Male,3,Married,6434,No,17,9
406,0,37,25,1161,Female,4,Divorced,5731,No,13,9
407,1,29,1,300,Male,3,Single,2058,No,14,7
408,0,37,10,715,Male,4,Single,4680,No,17,4
409,0,34,5,1696,Male,4,Married,3986,No,14,15
410,0,32,1,2016,Female,4,Married,10422,No,19,14
411,0,44,29,1225,Male,4,Single,4541,No,25,20
412,0,25,7,143,Male,4,Married,2889,No,11,2
413,0,38,2,773,Male,3,Married,3057,Yes,13,6
414,0,34,3,1658,Female,2,Divorced,5433,No,12,11
415,0,34,26,1374,Female,3,Divorced,2029,No,20,5
416,0,33,5,428,Female,2,Married,11878,No,11,12
417,1,43,9,1188,Female,3,Single,5346,No,13,7
418,0,60,7,549,Female,1,Married,19566,No,11,33
419,0,49,20,170,Female,1,Married,6567,No,14,16
420,0,40,9,1166,Female,3,Single,13499,No,17,20
421,0,40,2,1474,Male,3,Divorced,2345,No,14,8
422,1,30,22,1004,Female,3,Married,2132,Yes,11,7
423,0,42,28,551,Female,4,Married,4523,No,11,7
424,0,26,6,1918,Male,4,Married,2544,No,18,8
425,0,39,1,1026,Female,4,Married,12742,No,16,21
426,0,33,14,252,Female,2,Married,2756,No,13,8
427,1,30,26,299,Female,1,Single,6696,No,15,9
428,0,31,20,1135,Male,4,Married,2791,No,12,3
429,0,55,2,1096,Male,2,Married,10976,No,18,23
430,1,31,29,355,Male,2,Single,3479,No,11,6
431,0,55,22,1694,Male,2,Divorced,3537,No,12,8
432,0,46,3,1124,Male,3,Married,17465,No,12,23
433,1,38,29,282,Male,1,Married,6673,Yes,19,17
434,0,53,2,23,Female,4,Married,15427,No,16,31
435,0,51,6,1297,Female,3,Single,2838,No,14,8
436,0,23,10,784,Male,3,Single,3505,No,18,2
437,0,39,25,1397,Male,3,Married,10920,No,21,13
438,0,42,2,2031,Male,3,Married,18880,No,11,24
439,0,52,1,976,Male,4,Married,17099,No,15,26
440,0,44,2,1703,Female,4,Married,7879,Yes,19,9
441,0,40,10,954,Male,2,Divorced,9705,No,12,11
442,1,28,2,1504,Male,1,Single,2561,No,11,8
443,0,31,20,1881,Male,3,Divorced,4197,No,11,10
444,0,40,2,521,Female,3,Married,3448,No,22,20
445,0,36,6,1221,Male,3,Divorced,2741,No,14,7
446,0,41,10,599,Male,4,Single,6230,No,14,16
447,1,35,23,261,Male,3,Married,5916,Yes,13,8
448,1,56,24,1907,Male,4,Single,2587,No,16,5
449,1,38,2,1573,Male,2,Married,4855,No,11,7
450,1,18,3,405,Male,3,Single,1420,No,13,0
451,0,22,2,169,Male,4,Married,2523,No,14,3
452,0,54,17,1013,Female,3,Married,10739,No,11,22
453,0,35,6,691,Male,4,Single,6646,No,13,17
454,0,35,5,464,Male,2,Single,8095,No,13,17
455,0,36,13,829,Male,2,Married,2143,No,13,8
456,1,46,9,1457,Male,4,Divorced,10096,No,11,28
457,0,32,9,195,Male,4,Divorced,4668,No,17,9
458,0,32,1,134,Male,1,Single,2956,No,13,1
459,0,29,1,1264,Female,4,Divorced,16124,No,14,9
460,0,35,8,1243,Female,4,Married,10377,Yes,11,16
461,0,30,12,533,Female,3,Single,6577,No,11,6
462,0,47,14,1503,Female,3,Married,4591,Yes,17,11
463,0,38,16,1583,Female,2,Single,4198,No,12,8
464,0,31,1,1011,Female,1,Married,4148,No,12,4
465,0,26,23,560,Female,4,Divorced,2886,No,22,3
466,0,27,17,233,Male,2,Married,3058,Yes,16,6
467,0,40,14,1128,Male,3,Single,19626,No,14,21
468,0,26,2,1407,Male,4,Single,3904,No,12,5
469,1,24,22,1714,Male,3,Married,1555,No,11,1
470,1,22,7,1878,Male,2,Single,2472,Yes,23,1
471,0,37,21,267,Male,1,Married,3564,Yes,12,8
472,0,27,8,458,Female,2,Married,6214,No,18,8
473,0,29,7,912,Female,4,Divorced,2532,No,14,8
474,0,43,25,1076,Male,4,Divorced,10798,No,13,18
475,1,55,13,1372,Male,3,Single,13695,Yes,17,24
476,1,33,29,1101,Female,3,Single,4508,No,22,14
477,0,53,7,730,Male,3,Married,14814,No,19,32
478,0,56,9,762,Male,4,Married,11103,No,11,30
479,0,27,2,1371,Male,4,Single,5071,No,20,8
480,0,58,21,1938,Female,4,Married,17875,Yes,13,29
481,1,51,8,179,Male,4,Single,10650,No,15,18
482,0,39,3,760,Female,2,Married,6389,No,15,12
483,1,36,9,90,Male,3,Married,3388,Yes,17,2
484,0,41,28,2034,Female,2,Married,13570,No,23,21
485,0,50,12,174,Female,4,Single,9208,No,11,16
486,0,31,7,76,Male,4,Divorced,5915,No,22,10
487,0,40,10,483,Female,3,Married,2213,Yes,13,10
488,1,42,19,752,Male,3,Divorced,2759,Yes,12,7
489,0,36,17,1908,Male,2,Married,5507,No,16,12
490,0,38,1,950,Female,1,Married,13582,No,13,15
491,0,29,10,749,Male,3,Single,2642,No,11,1
492,0,41,2,410,Male,2,Single,16015,No,19,22
493,0,42,2,1231,Male,1,Married,6272,No,16,10
494,0,50,7,80,Female,3,Divorced,18740,Yes,12,29
495,0,37,1,623,Female,4,Single,7491,No,17,12
496,0,35,18,1621,Male,1,Married,5208,No,11,16
497,0,58,2,1824,Male,2,Divorced,16291,No,22,37
498,0,29,27,793,Female,3,Married,4335,No,12,11
499,0,27,23,1864,Female,3,Married,3540,No,21,9
500,0,43,11,1971,Male,3,Married,7510,No,17,10
501,0,25,8,2018,Female,3,Divorced,4907,Yes,22,6
502,0,37,4,311,Male,4,Divorced,2793,No,17,13
503,0,47,3,746,Female,3,Divorced,13770,Yes,12,28
504,0,35,17,1218,Male,1,Married,8966,Yes,15,15
505,1,35,15,1645,Male,4,Divorced,5440,Yes,14,7
506,0,34,6,138,Female,3,Single,4809,No,14,16
507,1,40,24,986,Female,2,Single,13194,Yes,16,22
508,0,30,18,194,Female,3,Single,2632,No,14,5
509,0,40,28,615,Male,1,Divorced,10932,No,15,20
510,1,30,12,648,Male,1,Married,2033,No,18,1
511,1,52,2,1038,Female,4,Married,19845,No,15,33
512,0,54,1,1422,Female,4,Single,17328,No,19,29
513,0,29,7,1883,Male,1,Single,2062,No,14,11
514,0,38,8,1937,Female,2,Divorced,2133,Yes,16,20
515,0,26,1,384,Female,2,Divorced,6397,No,20,6
516,1,26,2,1053,Male,1,Married,2042,Yes,14,6
517,0,42,26,404,Female,2,Married,13525,No,14,23
518,0,34,1,1580,Male,4,Married,5484,No,17,9
519,0,36,10,1312,Female,3,Married,7094,No,12,10
520,0,48,2,1258,Male,2,Single,2559,No,11,7
521,0,33,21,1698,Male,2,Married,2028,No,18,14
522,0,31,5,399,Female,2,Divorced,2789,No,11,2
523,0,48,4,1024,Male,3,Single,10999,No,14,27
524,1,55,2,842,Male,4,Single,5160,No,16,12
525,0,40,9,964,Male,2,Divorced,3617,Yes,14,3
526,0,45,29,1465,Male,4,Married,9380,Yes,18,10
527,0,31,26,16,Male,3,Divorced,2911,No,17,5
528,0,50,2,1215,Female,1,Married,17856,No,22,32
529,0,36,8,742,Female,1,Married,11713,No,14,10
530,0,50,11,226,Female,2,Single,19926,No,15,21
531,0,36,3,397,Male,2,Single,4485,No,12,10
532,1,55,2,787,Male,1,Married,19859,Yes,13,24
533,0,35,1,1564,Male,1,Single,2450,No,19,3
534,0,34,1,1535,Male,3,Married,7083,Yes,14,10
535,0,40,1,2012,Male,4,Married,2406,No,19,8
536,0,48,4,1363,Male,4,Single,7898,No,11,11
537,1,24,7,647,Female,3,Married,2886,Yes,16,6
538,0,35,18,1945,Male,1,Married,5561,No,16,6
539,0,30,2,508,Male,2,Married,2476,No,18,1
540,0,36,7,1362,Female,1,Married,4639,No,16,17
541,1,48,1,64,Male,3,Single,5381,Yes,13,23
542,0,46,1,288,Male,1,Divorced,9396,No,16,17
543,0,29,5,1669,Male,2,Divorced,4187,Yes,13,10
544,0,39,2,343,Female,3,Single,10938,No,25,20
545,0,33,2,1756,Female,2,Single,5147,No,15,13
546,1,20,9,1077,Female,4,Single,2323,Yes,14,2
547,0,40,11,1985,Female,3,Married,6323,No,11,10
548,0,30,1,1241,Male,2,Married,3579,Yes,21,12
549,0,37,16,868,Male,3,Divorced,6334,No,19,9
550,0,43,28,171,Female,3,Single,4739,No,12,18
551,0,29,8,1150,Male,4,Married,5056,Yes,15,10
552,0,46,5,62,Male,4,Single,5772,Yes,21,14
553,0,25,8,707,Male,2,Married,4851,No,22,4
554,0,32,8,207,Female,4,Single,8998,No,14,9
555,0,28,1,1301,Male,1,Single,2080,No,11,5
556,0,53,7,862,Female,4,Married,10934,Yes,18,35
557,0,59,3,10,Female,1,Married,2670,Yes,20,12
558,0,41,1,734,Male,3,Married,19189,No,12,22
559,1,29,1,816,Female,1,Married,2319,Yes,11,1
560,0,32,26,333,Male,4,Married,4465,No,18,4
561,0,28,15,1102,Male,3,Divorced,2207,No,16,4
562,0,38,10,1563,Male,3,Married,6077,No,11,10
563,0,45,23,1002,Male,1,Married,3633,Yes,15,9
564,1,29,1,896,Female,3,Divorced,2800,Yes,19,5
565,0,28,3,1875,Female,2,Married,2856,No,19,1
566,1,18,8,1156,Male,3,Single,1904,No,12,0
567,0,27,10,1403,Female,4,Married,5769,Yes,11,6
568,0,36,7,1659,Male,2,Single,2013,No,11,15
569,0,34,19,18,Male,4,Divorced,2661,No,11,3
570,0,36,5,1651,Female,1,Married,8008,No,12,9
571,0,42,29,836,Male,2,Married,4434,No,13,10
572,0,42,23,1976,Male,3,Single,4332,No,12,20
573,0,35,7,845,Male,3,Single,10221,No,21,17
574,0,51,7,211,Male,3,Married,6132,No,17,10
575,0,31,5,1673,Female,4,Married,5476,No,11,10
576,0,51,11,1367,Female,2,Single,13142,No,16,29
577,0,43,6,1402,Female,3,Single,4081,Yes,14,20
578,0,35,18,2049,Male,3,Married,5689,Yes,14,10
579,0,33,8,1798,Male,1,Married,3143,No,19,14
580,0,38,18,1766,Male,4,Married,5811,Yes,16,15
581,1,46,9,118,Male,4,Single,9619,No,16,9
582,0,34,10,277,Male,3,Divorced,3815,Yes,17,5
583,0,54,10,1980,Female,1,Single,4440,Yes,19,9
584,1,33,16,819,Female,1,Single,5324,No,15,6
585,0,38,3,1060,Male,3,Married,2821,No,16,8
586,0,24,4,888,Male,4,Married,3162,No,17,6
587,0,33,5,338,Female,4,Married,2911,No,13,2
588,0,35,27,856,Female,1,Single,2559,No,11,6
589,0,45,2,834,Female,3,Single,2274,No,14,1
590,0,46,10,580,Female,4,Married,9071,Yes,19,15
591,0,28,17,536,Male,1,Divorced,4558,No,12,10
592,1,28,24,1082,Male,1,Single,8722,No,12,10
593,0,42,8,35,Male,2,Married,6825,No,11,10
594,1,39,2,1458,Female,1,Single,3646,Yes,23,11
595,0,50,22,1539,Male,4,Single,14411,Yes,13,32
596,0,29,19,611,Male,4,Divorced,4262,No,12,8
597,0,47,4,1003,Female,4,Single,4163,Yes,17,9
598,0,45,4,972,Male,2,Married,4447,No,12,9
599,0,50,1,1040,Female,3,Married,6347,No,12,19
600,0,29,29,1859,Male,3,Divorced,6384,No,17,11
601,1,26,25,55,Male,3,Single,2293,No,12,1
602,0,53,23,901,Female,4,Single,14275,No,18,33
603,0,55,2,1770,Male,1,Married,19038,No,12,34
604,0,38,2,556,Male,4,Married,1702,Yes,23,1
605,0,39,18,1322,Male,3,Single,4534,No,11,9
606,0,33,10,1924,Male,3,Single,5487,No,14,10
607,0,55,2,1336,Female,3,Married,19187,No,14,23
608,0,41,6,466,Male,2,Single,6032,Yes,15,8
609,1,24,17,1219,Female,2,Married,2210,No,13,1
610,0,31,23,367,Male,4,Married,5582,No,21,10
611,0,36,9,699,Male,2,Divorced,8847,Yes,11,13
612,0,35,3,984,Male,4,Divorced,7823,No,13,12
613,0,55,4,1501,Male,3,Married,4035,Yes,16,4
614,0,24,29,1725,Male,1,Divorced,3907,No,13,6
615,0,50,28,1317,Female,1,Married,16880,Yes,11,25
616,0,37,3,689,Male,3,Married,9434,No,15,10
617,0,36,10,1790,Male,1,Married,8321,Yes,13,15
618,0,28,1,1286,Male,3,Single,2154,Yes,11,5
619,0,27,7,764,Female,1,Single,6811,No,19,9
620,0,33,8,1560,Male,1,Married,6392,No,13,8
621,0,30,9,1298,Female,3,Single,4695,Yes,18,10
622,0,45,6,101,Male,1,Married,13245,Yes,14,17
623,0,29,1,1954,Male,1,Married,5373,No,12,6
624,0,30,15,1754,Male,1,Divorced,7140,No,11,12
625,0,41,1,534,Male,1,Married,8392,No,16,10
626,0,53,6,205,Male,3,Married,2306,Yes,20,13
627,0,34,4,1882,Male,4,Married,9713,Yes,13,9
628,0,39,13,1307,Female,2,Divorced,17123,Yes,13,21
629,0,32,2,8,Male,4,Single,3068,No,13,8
630,0,40,12,1829,Female,1,Divorced,4448,No,12,15
631,0,52,2,329,Male,3,Single,19068,Yes,18,33
632,0,27,16,1001,Female,2,Married,2811,No,14,4
633,0,27,8,1647,Female,3,Married,3517,No,17,5
634,0,47,2,925,Female,4,Single,3294,Yes,18,3
635,0,34,9,1344,Male,4,Divorced,8500,No,11,10
636,0,21,9,484,Male,4,Single,2610,No,24,3
637,0,51,1,145,Female,1,Single,7484,No,20,23
638,1,26,4,401,Male,4,Single,5828,Yes,12,8
639,0,37,3,1062,Female,2,Single,4107,No,15,8
640,0,58,10,131,Male,3,Single,13872,No,13,38
641,0,30,16,1763,Male,3,Married,5294,No,16,10
642,0,46,1,124,Male,1,Married,10673,Yes,13,21
643,0,23,4,1735,Female,2,Single,3295,No,13,3
644,0,44,10,40,Male,4,Married,6465,Yes,13,9
645,0,38,10,634,Female,3,Married,9824,No,19,18
646,0,35,2,1804,Male,4,Divorced,5762,No,14,15
647,0,37,10,486,Female,1,Married,3452,No,20,17
648,0,38,1,1961,Male,1,Single,2858,No,14,20
649,0,32,10,1516,Male,4,Single,11244,No,25,10
650,0,59,2,1032,Female,4,Single,13726,Yes,13,30
651,0,40,16,1340,Male,3,Divorced,3544,No,16,6
652,0,30,1,1499,Male,3,Divorced,2064,No,21,6
653,0,46,5,103,Male,2,Divorced,5021,Yes,22,16
654,0,31,29,1784,Female,4,Married,5468,No,14,13
655,0,33,4,305,Female,2,Married,2622,No,21,7
656,0,40,2,2051,Female,3,Married,2001,No,14,20
657,0,28,2,1136,Male,2,Married,3201,No,17,6
658,0,45,1,996,Female,4,Divorced,2270,No,14,8
659,0,27,14,1244,Male,1,Married,2235,Yes,14,9
660,1,52,5,1319,Male,2,Single,8446,Yes,19,10
661,0,41,1,1999,Male,4,Married,2782,No,22,12
662,0,41,8,1909,Female,2,Married,4393,No,21,14
663,0,38,2,1835,Female,4,Married,5405,Yes,20,20
664,1,26,29,1037,Male,1,Single,4969,No,18,7
665,0,28,27,1622,Female,1,Divorced,4877,No,21,6
666,0,55,8,1278,Male,2,Divorced,13577,Yes,15,34
667,1,39,2,1127,Male,4,Divorced,12169,No,11,21
668,0,40,4,215,Male,4,Married,10855,No,11,15
669,0,35,11,70,Male,1,Married,9884,Yes,13,10
670,0,36,2,1890,Male,4,Single,3886,No,21,10
671,1,31,22,1389,Male,3,Married,6179,Yes,15,10
672,1,44,10,1200,Male,3,Single,2936,Yes,11,6
673,0,22,5,284,Male,2,Divorced,2328,Yes,16,4
674,0,40,6,601,Female,3,Single,13237,No,15,22
675,0,39,21,1929,Female,3,Married,5736,No,19,10
676,0,34,16,838,Female,4,Single,2553,No,16,6
677,0,35,4,1185,Male,4,Married,2376,No,13,2
678,0,44,7,36,Female,4,Married,10248,No,14,24
679,0,54,8,578,Female,3,Single,3780,No,11,19
680,1,28,1,1111,Male,2,Divorced,2596,No,15,1
681,1,36,15,1052,Male,3,Divorced,4834,No,14,9
682,0,43,7,451,Female,1,Married,9985,No,16,10
683,0,24,9,812,Male,2,Divorced,2694,No,11,1
684,1,19,2,243,Male,4,Single,1102,No,22,1
685,0,54,5,522,Male,1,Married,19406,No,11,24
686,0,43,2,46,Female,3,Divorced,2645,No,12,6
687,0,34,3,1915,Female,4,Married,8103,Yes,12,9
688,0,46,1,244,Female,1,Divorced,10453,No,25,24
689,0,45,7,86,Male,1,Divorced,9724,No,17,25
690,0,29,3,1586,Male,1,Single,4723,Yes,18,10
691,0,37,8,1794,Male,2,Divorced,4071,No,13,19
692,0,36,1,1237,Female,1,Divorced,10252,Yes,21,17
693,0,40,2,763,Female,4,Single,2342,Yes,20,5
694,0,37,1,340,Female,1,Married,3920,No,14,17
695,1,26,8,796,Male,1,Single,5326,No,17,6
696,0,39,10,1800,Male,3,Single,13464,No,21,9
697,0,29,28,1120,Female,4,Divorced,2514,No,22,11
698,0,54,20,450,Female,3,Single,4869,No,12,20
699,1,28,24,1604,Male,2,Married,2408,Yes,17,1
700,0,28,1,1506,Male,3,Divorced,1563,No,14,1
701,1,36,13,1733,Male,1,Divorced,6134,Yes,13,16
702,0,30,10,1816,Female,3,Single,9667,No,14,9
703,1,47,27,785,Female,3,Single,6397,Yes,12,8
704,1,45,26,684,Female,1,Married,4286,No,14,5
705,0,23,2,113,Male,1,Divorced,2322,No,13,3
706,0,34,1,683,Male,4,Married,2691,No,12,10
707,0,25,18,1399,Male,3,Married,6232,No,11,6
708,0,40,2,352,Male,3,Divorced,19436,No,19,22
709,0,28,10,1056,Male,2,Married,1052,No,22,1
710,1,27,17,1405,Female,3,Single,2394,Yes,13,8
711,0,59,3,1254,Female,4,Single,5171,No,17,13
712,0,44,4,1288,Male,1,Divorced,19190,No,14,26
713,0,44,1,1642,Male,4,Married,5743,Yes,11,14
714,0,29,10,766,Male,2,Divorced,2297,No,14,2
715,0,31,20,947,Female,3,Married,6932,No,13,9
716,0,26,4,1275,Male,4,Single,2875,Yes,20,8
717,0,60,1,1697,Male,4,Divorced,10883,No,20,19
718,0,50,24,1005,Male,3,Married,13973,Yes,18,22
719,0,32,13,859,Male,4,Divorced,4403,No,11,8
720,0,29,1,710,Male,4,Divorced,2720,No,18,10
721,0,27,4,933,Female,3,Single,2318,No,19,1
722,0,28,1,1858,Male,4,Divorced,2706,No,15,3
723,0,22,1,872,Male,4,Married,4775,No,22,4
724,0,41,14,227,Male,3,Divorced,2451,No,12,13
725,0,53,2,981,Male,3,Divorced,14852,No,13,22
726,0,48,7,1466,Male,1,Divorced,5486,No,11,15
727,0,29,28,2054,Female,1,Single,3785,No,14,5
728,0,43,2,1849,Male,4,Married,5675,No,20,7
729,0,43,10,430,Female,4,Single,2455,No,19,9
730,0,38,6,1997,Male,3,Married,5321,No,11,10
731,0,44,7,1608,Female,4,Divorced,19049,Yes,14,23
732,1,58,23,165,Female,4,Married,10312,No,12,40
733,0,41,2,625,Female,1,Married,16595,No,16,22
734,0,25,1,1303,Female,2,Single,2096,No,18,2
735,0,38,1,1152,Male,3,Married,2844,No,13,7
736,0,46,2,1857,Male,4,Divorced,8578,No,14,12
737,0,21,3,379,Male,3,Single,3230,No,17,3
738,0,48,10,1867,Male,2,Married,19665,No,12,29
739,0,38,23,393,Male,4,Divorced,5745,No,14,10
740,0,56,8,1338,Male,2,Single,19717,No,14,36
741,0,38,2,271,Male,3,Married,6553,No,14,14
742,0,30,6,1311,Female,4,Married,4627,No,12,10
743,0,31,5,2057,Male,1,Single,9936,No,19,10
744,0,34,2,256,Male,3,Married,9547,No,17,10
745,0,56,9,1071,Female,3,Married,2942,No,19,18
746,0,42,24,605,Male,1,Married,7406,Yes,21,10
747,0,34,27,247,Female,2,Single,2311,No,15,9
748,1,31,3,1537,Female,3,Single,4084,No,12,7
749,0,36,8,990,Male,4,Divorced,5079,No,13,12
750,0,46,13,1727,Male,2,Single,5562,No,14,19
751,0,40,16,832,Male,3,Single,5094,No,14,10
752,0,54,19,698,Male,2,Married,10725,No,15,16
753,0,37,9,626,Male,2,Divorced,8834,No,13,9
754,0,37,10,1105,Female,4,Divorced,6694,Yes,14,8
755,0,35,16,586,Male,3,Married,7632,Yes,12,10
756,0,48,1,1116,Male,4,Single,16885,No,22,27
757,0,49,4,1256,Male,3,Married,18711,No,13,23
758,1,26,21,1107,Male,3,Divorced,2377,No,20,1
759,0,30,7,1428,Female,1,Divorced,4779,No,14,8
760,1,28,2,828,Male,3,Single,4382,No,17,5
761,0,42,14,936,Female,3,Single,6244,No,17,10
762,1,20,4,960,Male,1,Single,2973,No,19,1
763,0,34,8,757,Female,3,Single,6142,No,11,10
764,0,55,20,389,Male,4,Married,5415,Yes,19,12
765,0,47,2,820,Female,4,Married,16752,Yes,11,26
766,0,34,28,2035,Female,3,Married,6712,No,21,8
767,0,37,4,1394,Male,3,Married,2996,Yes,15,8
768,0,40,2,558,Female,3,Married,18041,No,14,21
769,0,41,6,957,Male,1,Single,4721,Yes,13,20
770,0,34,10,1597,Male,3,Married,5063,No,14,8
771,0,43,1,902,Female,4,Married,5562,No,13,12
772,0,36,12,1614,Female,3,Married,4663,Yes,12,7
773,0,28,9,377,Male,4,Married,2070,No,23,5
774,0,38,1,662,Female,1,Single,2619,No,17,8
775,1,37,6,133,Male,1,Divorced,2073,Yes,22,7
776,0,52,11,813,Female,3,Married,3149,No,20,9
777,0,46,7,1007,Male,3,Divorced,10845,No,13,13
778,0,33,1,1994,Male,3,Divorced,2008,No,12,1
779,1,22,8,1783,Female,1,Married,2398,Yes,17,1
780,0,23,10,1592,Male,3,Married,2073,No,16,4
781,0,27,15,1870,Female,1,Married,4774,No,19,8
782,0,39,10,429,Male,1,Married,17068,Yes,14,21
783,0,30,2,1745,Female,1,Single,4968,No,16,10
784,0,43,8,920,Female,2,Divorced,4765,No,21,4
785,1,30,3,297,Female,1,Single,2657,Yes,11,8
786,0,43,21,525,Male,4,Married,2258,No,20,8
787,0,42,2,351,Female,1,Divorced,2593,Yes,11,10
788,0,50,20,1606,Male,3,Married,11245,Yes,15,32
789,0,30,1,292,Male,3,Single,8474,No,22,12
790,0,34,2,1755,Male,4,Married,2932,Yes,14,6
791,0,46,2,1789,Male,4,Divorced,19328,Yes,17,24
792,0,30,4,121,Female,2,Divorced,5209,Yes,12,11
793,0,34,10,1055,Female,3,Married,2220,Yes,19,1
794,0,46,4,1280,Female,2,Married,18789,No,14,26
795,0,36,2,1294,Female,2,Single,5410,Yes,11,18
796,0,53,3,386,Male,3,Married,17584,Yes,16,21
797,0,41,12,1158,Male,4,Married,4766,Yes,11,6
798,0,37,19,61,Male,2,Married,3022,No,21,8
799,0,37,19,904,Male,2,Single,7642,Yes,13,10
800,0,32,10,1853,Male,4,Single,4648,No,13,4
801,0,38,1,724,Female,4,Single,7625,No,13,10
802,0,31,10,1912,Female,4,Divorced,6583,Yes,11,8
803,0,53,8,897,Male,4,Married,11836,No,14,28
804,0,50,4,385,Male,2,Divorced,19144,No,14,28
805,0,31,7,613,Male,4,Divorced,11557,No,21,10
806,0,36,2,513,Male,3,Married,7596,No,13,10
807,0,45,8,452,Male,4,Married,3697,No,14,12
808,0,34,2,1281,Female,1,Single,4538,Yes,12,4
809,0,32,7,359,Male,2,Married,2794,No,20,5
810,0,48,29,473,Female,3,Married,12504,No,21,15
811,0,44,23,132,Male,2,Married,2042,No,12,17
812,0,37,10,518,Male,2,Single,4197,Yes,12,18
813,1,50,1,1113,Male,3,Single,4728,Yes,14,5
814,0,39,24,2014,Male,4,Single,4108,No,13,18
815,0,46,1,1314,Female,1,Single,3423,No,12,10
816,0,38,9,1940,Male,4,Divorced,4771,No,19,10
817,0,31,7,524,Female,1,Married,4306,No,12,13
818,0,45,9,206,Male,2,Divorced,2348,No,18,20
819,0,29,4,1762,Female,1,Divorced,2109,No,13,1
820,0,42,2,1542,Male,2,Married,4841,No,14,4
821,0,33,3,5,Female,3,Married,2909,Yes,11,8
822,0,47,2,1731,Male,2,Married,4978,No,11,4
823,0,32,2,1671,Male,2,Divorced,5470,No,13,10
824,1,53,2,1572,Female,4,Married,10169,No,16,34
825,0,36,16,1436,Female,1,Married,5647,No,13,11
826,0,40,8,1552,Male,4,Divorced,4069,Yes,18,8
827,0,41,10,731,Male,4,Divorced,19141,No,15,23
828,0,36,26,1682,Male,3,Married,5347,No,14,10
829,0,33,1,998,Female,2,Married,5488,Yes,13,6
830,0,34,11,1289,Male,2,Married,4490,No,11,14
831,1,18,5,614,Male,2,Single,1878,Yes,14,0
832,0,45,28,1719,Female,2,Single,16704,No,11,21
833,0,26,17,1718,Male,3,Married,2305,No,15,3
834,0,34,1,110,Male,2,Married,4325,No,15,5
835,0,30,7,1609,Male,2,Married,2141,No,12,6
836,0,45,24,1049,Male,2,Single,2177,No,16,6
837,0,40,2,516,Female,2,Divorced,5715,No,12,8
838,1,50,8,723,Male,3,Married,6796,Yes,14,18
839,0,36,23,2061,Male,4,Married,2571,No,17,17
840,0,37,2,656,Male,3,Married,9602,Yes,11,17
841,0,37,9,1787,Male,2,Married,4189,No,14,5
842,0,56,6,532,Female,1,Married,13212,No,11,36
843,1,50,3,47,Male,3,Married,2683,Yes,14,3
844,1,31,18,1842,Male,1,Married,2956,No,17,2
845,0,45,9,864,Male,1,Divorced,10761,Yes,12,18
846,0,30,22,567,Female,1,Married,8412,No,11,10
847,0,46,2,1228,Male,4,Divorced,7379,No,11,12
848,0,23,1,1270,Male,3,Married,1223,No,22,1
849,1,32,1,1734,Male,2,Single,6735,No,15,10
850,0,18,14,1839,Female,3,Single,1514,No,16,0
851,0,43,14,843,Male,1,Married,17159,No,24,22
852,0,36,27,13,Male,3,Married,5237,No,13,17
853,0,28,5,1469,Male,1,Single,8463,No,18,6
854,1,31,1,1459,Female,2,Single,7446,No,11,10
855,0,35,23,75,Female,1,Married,4014,Yes,15,4
856,1,36,3,967,Male,4,Married,10325,Yes,11,16
857,0,30,17,1321,Female,1,Married,11916,Yes,23,9
858,1,42,12,1167,Male,1,Single,13758,Yes,12,22
859,0,49,2,1941,Male,4,Married,19161,No,15,28
860,0,42,12,1768,Male,2,Divorced,2766,No,22,7
861,0,45,2,264,Male,4,Married,16792,No,23,22
862,0,18,5,1012,Male,4,Single,1051,No,15,0
863,0,36,3,481,Male,4,Married,9699,No,11,16
864,0,34,14,666,Female,3,Divorced,2579,Yes,18,8
865,0,48,4,1644,Male,4,Married,15202,No,25,23
866,0,44,5,1471,Male,3,Single,3162,No,14,7
867,0,38,2,1760,Female,2,Married,2468,No,14,9
868,0,38,3,307,Male,3,Divorced,10609,No,12,17
869,0,35,7,1492,Male,3,Married,2404,No,13,1
870,1,40,25,1318,Male,2,Single,9094,Yes,12,9
871,0,48,1,1263,Male,4,Single,18265,No,12,25
872,0,40,1,1822,Female,4,Divorced,6513,No,17,12
873,0,30,1,57,Female,4,Single,4011,No,23,12
874,0,47,2,903,Female,4,Married,4537,Yes,22,8
875,0,34,2,786,Male,4,Single,6274,No,22,6
876,0,52,6,630,Male,1,Divorced,5577,Yes,12,18
877,0,42,4,319,Male,4,Married,19232,No,11,22
878,0,31,24,1252,Female,1,Single,6812,No,19,10
879,0,33,2,1207,Male,3,Married,3600,No,13,5
880,0,51,5,1352,Male,2,Divorced,14026,Yes,11,33
881,0,23,26,465,Male,4,Divorced,2904,No,12,4
882,0,42,2,1547,Male,4,Married,10124,Yes,14,24
883,0,25,2,1653,Male,3,Divorced,5206,No,17,7
884,0,41,4,1815,Female,3,Divorced,10447,Yes,13,23
885,0,34,3,1103,Male,4,Single,7756,No,17,7
886,0,32,2,439,Female,4,Single,5055,No,16,10
887,0,38,4,1687,Female,3,Married,3306,No,19,7
888,0,40,1,119,Male,2,Married,13503,No,22,22
889,0,38,2,361,Male,4,Married,5249,No,18,13
890,0,31,7,462,Female,4,Single,7143,Yes,14,11
891,1,25,4,1106,Male,4,Married,3691,Yes,15,7
892,0,36,4,1435,Male,4,Single,5810,No,16,10
893,1,21,18,923,Female,4,Single,2693,No,19,1
894,0,36,2,958,Male,3,Single,2519,No,21,16
895,0,34,20,1265,Female,3,Married,2585,No,17,2
896,0,33,1,969,Female,4,Single,6949,No,14,6
897,0,35,21,942,Female,4,Married,4014,Yes,25,10
898,0,45,7,1195,Female,3,Married,4477,Yes,19,7
899,0,42,1,517,Female,1,Divorced,2576,No,16,8
900,0,42,2,1334,Male,3,Married,17861,Yes,13,21
901,1,30,8,1747,Female,4,Divorced,2180,No,11,6
902,0,26,11,390,Male,1,Married,4741,Yes,13,5
903,1,31,15,1160,Male,3,Married,2610,No,12,2
904,1,46,10,1869,Female,2,Married,7314,No,21,14
905,0,36,3,1425,Female,2,Single,9278,Yes,16,15
906,0,60,28,573,Female,1,Married,10266,No,19,22
907,0,32,4,330,Female,2,Married,3931,No,11,6
908,0,34,8,1823,Male,3,Married,6799,No,21,10
909,1,29,8,454,Male,1,Married,2119,Yes,11,7
910,0,44,28,1039,Female,4,Married,13320,Yes,18,23
911,1,20,11,1016,Female,1,Single,2600,Yes,15,1
912,0,34,2,1140,Male,3,Single,4033,No,11,5
913,0,43,2,1706,Male,4,Married,7847,Yes,17,10
914,0,31,5,1749,Male,3,Married,8346,No,19,6
915,0,56,1,1441,Female,1,Married,2066,No,22,5
916,0,36,8,83,Female,3,Divorced,10096,No,13,17
917,0,33,1,612,Female,3,Divorced,16184,No,19,10
918,1,50,1,2044,Male,3,Divorced,6728,No,12,12
919,0,26,7,1417,Male,1,Single,3578,No,12,8
920,0,55,8,84,Female,3,Divorced,14756,Yes,14,21
921,0,27,2,1931,Male,2,Married,2226,No,11,6
922,0,30,2,548,Female,4,Single,6091,No,20,11
923,0,34,7,1577,Male,4,Single,2972,No,13,1
924,0,30,5,456,Female,3,Divorced,6118,No,13,10
925,0,27,2,1027,Female,4,Married,4227,No,18,4
926,0,33,22,160,Male,2,Married,6146,No,13,8
927,0,45,7,425,Male,1,Divorced,5210,No,18,24
928,1,52,8,433,Male,2,Married,4941,No,15,11
929,1,51,4,1081,Male,3,Married,2461,Yes,12,18
930,0,39,9,1936,Male,1,Married,5151,No,25,10
931,0,30,2,117,Male,4,Married,4152,No,19,11
932,0,44,1,665,Female,3,Single,5985,No,11,10
933,0,38,10,983,Female,4,Single,5666,Yes,13,6
934,0,25,10,1240,Male,4,Single,4950,No,14,5
935,0,32,3,966,Female,1,Married,6725,No,12,8
936,0,36,4,2025,Female,2,Divorced,5131,No,13,18
937,0,29,2,1590,Male,4,Divorced,8853,No,19,6
938,1,39,5,42,Male,4,Married,2086,No,14,19
939,1,45,2,1277,Female,2,Single,18824,Yes,16,26
940,0,35,4,53,Male,4,Divorced,1951,No,12,1
941,0,32,13,1234,Female,2,Married,2743,No,20,2
942,0,39,2,909,Female,4,Married,5204,No,11,13
943,0,27,1,274,Male,1,Married,4298,No,19,6
944,0,34,10,934,Male,2,Divorced,2008,No,14,1
945,0,40,5,729,Male,1,Married,10475,Yes,21,20
946,0,39,1,332,Female,3,Divorced,2232,No,14,7
947,1,39,6,932,Male,1,Married,2404,Yes,21,8
948,0,38,6,1782,Female,3,Married,3702,No,11,5
949,1,39,23,1310,Male,1,Single,3904,No,13,6
950,1,34,9,1807,Male,1,Married,5346,No,17,11
951,0,28,1,1927,Male,4,Married,6834,Yes,12,7
952,0,49,1,1677,Male,3,Single,15379,No,14,23
953,0,58,1,422,Male,3,Divorced,5660,Yes,13,12
954,0,38,29,273,Male,4,Married,6261,No,18,9
955,0,31,8,1453,Male,4,Divorced,10793,No,18,13
956,0,49,18,275,Male,4,Divorced,6804,Yes,15,7
957,0,53,6,769,Male,4,Single,2450,No,17,19
958,0,56,8,241,Female,1,Divorced,4257,Yes,18,19
959,0,37,13,1543,Male,4,Married,4285,No,17,10
960,0,35,2,1182,Male,2,Divorced,10274,No,18,15
961,0,27,11,1364,Female,4,Married,2534,No,14,5
962,0,27,9,260,Female,2,Single,2279,No,16,7
963,0,55,2,1873,Male,4,Married,2662,No,20,19
964,0,24,2,1646,Female,4,Single,3760,Yes,13,6
965,0,30,7,1482,Male,3,Divorced,1274,No,13,1
966,0,28,9,930,Female,3,Divorced,2377,No,18,6
967,0,39,22,1043,Female,1,Single,10880,Yes,13,21
968,0,40,1,1361,Male,2,Married,2387,No,22,7
969,0,44,1,2020,Male,4,Single,2436,Yes,12,6
970,0,47,26,1625,Female,3,Married,19658,No,11,27
971,0,49,11,1757,Female,4,Single,4507,No,12,8
972,0,42,2,470,Male,3,Divorced,2696,Yes,11,4
973,0,34,2,339,Male,1,Married,5957,No,13,13
974,0,37,19,1631,Male,3,Married,5768,No,17,9
975,0,51,6,162,Male,3,Single,19537,No,13,23
976,0,29,20,349,Male,4,Divorced,6931,No,14,10
977,0,50,8,738,Male,2,Married,3875,No,15,4
978,0,23,4,705,Male,1,Married,2819,No,16,5
979,1,33,25,1108,Male,2,Single,2313,Yes,20,5
980,0,49,16,1674,Female,1,Divorced,2587,Yes,16,17
981,0,35,1,620,Female,3,Single,4859,No,16,5
982,0,34,8,775,Female,1,Divorced,5121,No,14,7
983,0,26,1,1068,Female,3,Divorced,2007,No,13,5
984,0,45,1,1712,Male,3,Married,10748,No,23,25
985,0,45,2,606,Male,2,Married,4805,No,19,9
986,0,37,9,403,Male,4,Married,2326,Yes,12,4
987,1,25,19,952,Male,2,Married,2413,Yes,18,1
988,0,37,10,1640,Female,2,Married,3936,No,11,8
989,0,35,18,975,Female,3,Married,4601,No,16,5
990,0,28,2,846,Female,2,Married,4779,Yes,20,8
991,0,22,6,675,Male,3,Married,2773,No,20,3
992,0,45,25,1306,Female,2,Single,18061,No,22,22
993,0,56,11,1935,Female,1,Married,5380,No,16,6
994,0,36,15,2036,Male,4,Divorced,5406,No,24,15
995,0,35,2,771,Female,1,Divorced,5093,No,11,16
996,0,26,7,1693,Male,4,Single,2570,No,20,7
997,0,48,2,595,Female,4,Married,4051,No,14,14
998,0,34,3,1779,Female,4,Single,6029,No,12,6
999,1,34,7,147,Male,3,Single,6074,Yes,24,9
1000,0,60,7,1233,Male,4,Divorced,5220,Yes,18,12
1001,0,32,1,1574,Male,1,Married,4087,No,14,9
1002,0,31,10,1979,Female,3,Married,11031,No,20,13
1003,0,45,2,1635,Female,4,Divorced,5770,No,19,10
1004,0,53,13,250,Female,1,Divorced,4450,No,11,5
1005,0,30,10,1179,Male,3,Married,6578,No,18,10
1006,0,29,3,564,Male,3,Married,11935,No,18,10
1007,0,39,7,444,Male,4,Married,19272,No,15,21
1008,0,57,24,223,Male,4,Divorced,9439,Yes,16,12
1009,0,51,21,120,Male,4,Single,5441,Yes,22,11
1010,1,44,15,1295,Female,4,Married,7978,No,11,10
1011,1,32,25,911,Male,4,Single,2795,Yes,24,1
1012,0,20,9,1680,Male,1,Single,2728,No,11,2
1013,0,35,1,88,Male,1,Married,2194,No,13,5
1014,1,22,3,926,Female,3,Married,4171,Yes,19,4
1015,0,26,2,1018,Male,4,Married,5472,No,12,8
1016,1,35,4,1100,Male,1,Single,9582,Yes,22,9
1017,0,38,3,193,Female,3,Single,4317,Yes,20,19
1018,0,35,7,1962,Female,4,Married,5204,Yes,11,10
1019,0,22,11,511,Female,2,Married,2244,No,13,2
1020,0,54,2,1070,Female,3,Married,10686,No,11,13
1021,0,59,25,81,Female,1,Single,7637,No,11,28
1022,1,31,2,1464,Male,4,Married,3722,Yes,13,7
1023,0,32,7,420,Male,3,Married,5484,No,14,13
1024,0,33,9,1238,Male,4,Married,2781,No,13,15
1025,0,29,15,1202,Female,4,Married,2168,Yes,18,6
1026,0,33,7,1477,Male,1,Married,4373,No,14,5
1027,0,36,6,1594,Male,1,Married,5562,Yes,13,9
1028,0,31,1,530,Male,1,Married,2218,No,12,4
1029,0,36,14,924,Male,4,Married,6586,Yes,17,17
1030,0,37,11,1411,Female,3,Single,3629,No,18,8
1031,1,58,2,977,Male,3,Single,2479,No,24,7
1032,0,42,2,477,Male,4,Single,6781,No,23,14
1033,1,26,24,622,Male,4,Single,2340,Yes,18,1
1034,1,32,9,190,Female,1,Single,4200,No,22,10
1035,0,29,10,1143,Female,2,Divorced,3291,No,14,8
1036,0,57,1,1483,Male,3,Married,4900,No,24,13
1037,0,26,1,792,Female,4,Divorced,4364,No,14,5
1038,0,32,8,436,Female,2,Married,5228,Yes,11,13
1039,0,35,1,600,Male,3,Married,4717,No,11,15
1040,0,41,6,1708,Male,3,Single,9241,No,12,10
1041,0,31,11,895,Male,4,Married,2356,Yes,19,8
1042,1,37,10,342,Male,3,Divorced,10048,No,11,17
1043,1,37,2,4,Male,3,Single,2090,Yes,15,7
1044,0,25,2,1992,Male,3,Divorced,3977,Yes,19,7
1045,1,41,2,927,Female,4,Divorced,2778,Yes,13,10
1046,0,56,23,1373,Male,2,Married,13402,Yes,12,33
1047,0,27,4,2064,Male,2,Married,6142,Yes,20,6
1048,0,31,12,961,Female,4,Married,5855,Yes,11,10
1049,0,59,3,309,Male,4,Married,2177,No,17,7
1050,1,28,1,741,Female,2,Single,2216,Yes,13,10
1051,1,21,10,1279,Female,3,Single,2625,No,20,2
1052,0,37,1,380,Female,4,Divorced,13603,Yes,18,15
1053,1,41,4,488,Male,2,Single,9355,No,18,8
1054,0,35,7,1601,Male,4,Married,2690,No,18,1
1055,0,43,2,1778,Male,4,Single,3539,No,13,10
1056,0,26,1,476,Male,3,Married,5296,No,17,8
1057,0,51,1,353,Male,4,Married,2723,No,11,1
1058,1,21,1,478,Female,2,Single,2174,Yes,11,3
1059,0,27,8,1751,Female,4,Single,3445,No,11,6
1060,0,30,2,571,Female,4,Single,2564,No,14,12
1061,0,47,9,1856,Female,3,Single,2105,No,12,7
1062,0,27,10,733,Male,1,Divorced,8793,No,21,9
1063,1,28,13,1933,Female,3,Single,9854,Yes,11,6
1064,0,50,1,323,Female,4,Divorced,19517,No,11,32
1065,0,18,10,411,Female,3,Single,1200,No,12,0
1066,0,48,16,1557,Female,3,Divorced,6439,No,14,18
1067,0,36,1,857,Male,4,Married,6201,Yes,14,18
1068,0,34,1,1431,Male,1,Divorced,2996,No,14,10
1069,1,46,21,1821,Female,2,Married,8926,No,22,13
1070,0,50,17,1656,Female,1,Divorced,13269,No,15,19
1071,0,23,12,1982,Male,4,Single,2647,No,13,5
1072,0,35,26,2040,Female,4,Single,8837,Yes,16,9
1073,0,25,26,781,Female,4,Single,6180,No,23,6
1074,0,38,10,2041,Female,4,Married,5343,No,11,10
1075,0,36,7,949,Male,4,Single,4678,No,18,8
1076,0,54,1,1245,Female,3,Divorced,10502,No,17,33
1077,0,34,1,1950,Male,4,Single,9888,No,21,14
1078,0,38,2,1125,Male,2,Single,7351,No,16,10
1079,1,33,1,780,Male,4,Single,2686,Yes,13,10
1080,0,35,9,880,Female,3,Married,10685,Yes,20,17
1081,0,31,6,653,Male,4,Divorced,5460,No,22,13
1082,0,37,1,635,Female,2,Married,6447,No,12,8
1083,0,42,3,894,Female,4,Married,5231,Yes,13,17
1084,0,50,10,491,Male,4,Single,10496,No,15,20
1085,1,50,28,2055,Male,1,Divorced,10854,Yes,13,20
1086,0,26,6,164,Female,2,Married,2368,No,19,5
1087,0,44,24,744,Male,3,Single,3708,No,14,9
1088,0,30,16,1729,Male,4,Married,2862,No,12,10
1089,1,20,6,137,Female,4,Single,2926,Yes,18,1
1090,0,30,9,184,Male,4,Married,6347,Yes,19,12
1091,0,35,2,269,Female,2,Single,4425,No,11,10
1092,0,40,7,1740,Male,2,Single,19833,No,14,21
1093,1,43,17,1767,Male,3,Married,2437,Yes,16,6
1094,0,42,17,347,Female,1,Single,6545,Yes,13,10
1095,0,40,20,1092,Male,4,Married,10322,No,20,14
1096,0,44,28,1523,Male,1,Married,16328,No,13,24
1097,0,40,4,253,Female,3,Married,19033,No,14,21
1098,0,49,7,1484,Male,2,Divorced,10466,No,14,29
1099,0,24,23,639,Male,4,Married,2725,Yes,11,6
1100,0,45,4,240,Female,1,Divorced,5006,Yes,11,9
1101,0,43,27,1126,Female,1,Married,10820,No,11,18
1102,0,42,2,875,Male,4,Single,2515,Yes,14,8
1103,0,43,4,1293,Female,4,Single,10231,No,14,23
1104,0,34,19,1701,Female,4,Married,2929,No,12,10
1105,0,29,1,1249,Female,4,Divorced,3760,No,15,3
1106,1,25,9,1439,Male,1,Married,4400,No,12,6
1107,0,26,25,177,Female,3,Married,2942,No,23,8
1108,0,45,2,783,Male,3,Single,6632,No,13,9
1109,1,33,3,702,Male,1,Single,3348,Yes,11,10
1110,0,27,2,1648,Male,4,Single,2580,No,13,6
1111,0,36,3,155,Female,4,Divorced,2835,No,22,7
1112,0,41,2,616,Female,3,Single,6811,Yes,17,10
1113,0,33,1,939,Male,1,Single,2799,Yes,11,6
1114,1,32,1,331,Male,3,Single,3730,Yes,14,4
1115,0,45,9,1117,Female,3,Married,5593,No,13,15
1116,1,21,7,1780,Male,2,Single,2679,No,13,1
1117,0,27,5,434,Female,2,Single,2478,Yes,12,4
1118,1,30,9,1876,Male,4,Single,1081,No,13,1
1119,0,45,26,1612,Male,1,Married,4385,No,15,10
1120,0,27,2,7,Male,2,Married,3468,No,12,6
1121,0,27,20,293,Female,3,Single,9981,No,14,7
1122,0,36,1,1662,Female,3,Married,4374,No,15,4
1123,0,44,3,671,Male,4,Married,19513,Yes,12,26
1124,0,39,12,1654,Male,2,Married,5295,No,21,7
1125,0,29,3,690,Female,3,Married,5561,No,14,6
1126,0,35,11,1137,Male,4,Divorced,4968,No,11,5
1127,0,42,13,1803,Male,1,Married,5538,No,18,10
1128,0,29,2,388,Male,4,Single,4554,No,18,10
1129,0,33,8,677,Male,3,Divorced,7104,No,12,6
1130,0,49,1,887,Female,1,Married,3580,No,16,7
1131,0,32,10,722,Male,4,Single,5396,No,12,10
1132,0,32,5,889,Male,2,Married,6524,No,14,10
1133,0,28,1,1315,Female,4,Married,6674,No,11,10
1134,0,38,25,421,Female,2,Married,12061,No,17,19
1135,0,45,20,2046,Female,3,Single,4850,No,15,8
1136,0,33,10,446,Male,4,Single,4682,No,14,9
1137,1,29,7,1299,Female,3,Divorced,3339,Yes,13,10
1138,0,35,1,100,Male,1,Single,4312,No,14,16
1139,0,30,7,585,Male,2,Single,2983,No,14,4
1140,0,24,17,643,Male,2,Married,2127,No,21,1
1141,1,49,11,840,Female,4,Married,7654,No,18,9
1142,0,42,18,1998,Male,1,Divorced,5410,Yes,17,9
1143,0,31,7,941,Male,3,Married,2329,No,15,13
1144,0,35,18,74,Male,1,Married,9069,No,22,9
1145,0,55,1,1424,Male,4,Divorced,14732,No,13,31
1146,1,23,9,2023,Male,1,Married,1790,No,19,1
1147,1,23,8,1684,Male,3,Single,3989,Yes,11,5
1148,0,36,18,1133,Male,4,Single,7779,No,20,18
1149,1,37,11,1033,Female,2,Married,4777,No,15,15
1150,0,44,1,1903,Male,1,Married,5033,No,15,10
1151,0,48,20,945,Male,3,Married,2259,No,17,13
1152,0,26,28,641,Male,2,Married,6272,No,20,6
1153,0,34,13,1951,Male,3,Divorced,8628,No,18,9
1154,0,31,8,98,Female,4,Single,4424,No,23,11
1155,0,38,3,1036,Male,4,Single,6861,Yes,12,19
1156,1,19,2,566,Male,4,Single,2564,No,12,1
1157,0,42,9,1595,Male,4,Single,19613,No,22,24
1158,0,54,22,1665,Female,3,Married,17426,No,25,36
1159,0,22,8,1019,Male,1,Married,2451,No,15,4
1160,1,30,5,1017,Female,2,Single,2422,No,17,4
1161,0,23,20,1533,Male,3,Single,2272,No,14,5
1162,0,34,3,1478,Male,1,Single,4759,No,18,15
1163,0,44,20,1475,Male,2,Single,3420,No,13,6
1164,1,34,23,590,Female,1,Divorced,9950,Yes,15,11
1165,0,24,24,1173,Male,2,Single,3597,No,22,6
1166,0,34,5,153,Female,1,Single,11631,No,12,14
1167,0,35,4,1350,Male,3,Single,4249,Yes,11,9
1168,0,32,2,362,Male,1,Single,2176,No,13,9
1169,0,39,2,985,Male,3,Single,7880,No,18,9
1170,0,39,6,2062,Male,1,Married,9991,No,15,9
1171,0,34,2,804,Female,1,Single,4381,No,11,6
1172,0,38,2,1805,Male,2,Divorced,2592,No,13,13
1173,0,59,6,321,Male,3,Married,2267,No,17,7
1174,0,35,1,826,Female,3,Single,2506,No,13,7
1175,0,30,23,159,Male,3,Divorced,2613,No,25,10
1176,1,22,3,1203,Male,4,Married,2853,Yes,11,1
1177,0,31,3,1948,Male,1,Divorced,3065,Yes,13,4
1178,0,35,10,1587,Female,3,Single,6142,Yes,16,10
1179,1,19,21,959,Male,2,Single,2121,Yes,13,1
1180,0,41,10,1329,Male,2,Single,6151,No,13,19
1181,0,35,28,1596,Male,3,Married,3407,No,17,10
1182,0,27,6,655,Female,3,Divorced,2187,No,12,6
1183,0,26,1,1952,Male,1,Single,2867,No,13,8
1184,0,33,5,1395,Male,4,Married,9998,No,13,8
1185,0,24,10,1746,Male,4,Married,2145,No,14,3
1186,1,26,20,1818,Female,2,Married,2148,Yes,11,6
1187,0,32,6,231,Male,3,Single,3038,No,20,8
1188,0,29,19,1497,Male,3,Divorced,8620,No,14,10
1189,0,31,1,308,Male,3,Married,4345,No,12,6
1190,0,27,5,844,Male,4,Divorced,12808,Yes,16,9
1191,0,32,5,1555,Female,2,Married,5878,No,12,12
1192,0,27,19,1619,Male,1,Divorced,4066,No,11,7
1193,0,29,9,1558,Male,3,Married,2451,No,18,5
1194,0,29,2,469,Male,3,Married,4649,No,14,4
1195,0,43,16,327,Female,4,Married,16064,Yes,22,22
